eng,chi
MAC,魅可
YSL,圣罗兰
DIOR,迪奥
TOM FORD,汤姆福特TF
ARMANI,乔治阿玛尼
GIVENCHY,纪梵希
CHANEL,香奈儿
LANCÔME,兰蔻
Estee Lauder,雅诗兰黛
NARS,NARS
3CE,3CE
CHRISTIAN LOUBOUTIN,萝卜丁
GUERLAIN,娇兰
Gucci,古驰
shu uemura,植村秀
CHARLOTTE  TILBURY,夏洛特·蒂尔伯里
Hourglass,沙漏
BURBERRY,博柏利
L'OREAL,欧莱雅
KIKO,奇寇
BOBBI BROWN,芭比波朗
CPB,肌肤之钥
Revlon,露华浓
PAT McGRATH,彩妆大师
MAKE UP FOR EVER,浮生若梦
LA MER,海蓝之谜
COSME DECORTE ,黛珂
CANMAKE,井田
Calvin Klein,卡文克莱
HERMÈS,爱马仕
ANNA SUI,安娜苏
BVLGARI,宝格丽
L'Artisan Parfumeur,阿蒂仙之香
VERSACE,范思哲
Diptyque,蒂普提克
Miu Miu,缪缪
Chloé,蔻依
LANVIN,浪凡
ElizabethArden,伊丽莎白雅顿
Davidoff,大卫杜夫
MARC JACOBS, 马克雅克布
KENZO,高田贤三
Salvatore Ferragamo,菲拉格慕
JO MALONE,祖玛珑
MONTBLANC,万宝龙
Atelier Cologne,欧珑
PARMA,帕尔马
LALIQUE,莱俪
Victoria's Secret,维多利亚的秘密
Serge Lutens,芦丹氏
